{
  "id": "3145921",
  "name": "pugweb",
  "font_family": "iconfont",
  "css_prefix_text": "icon-",
  "description": "",
  "glyphs": [
    {
      "icon_id": "1718630",
      "name": "upload",
      "font_class": "upload",
      "unicode": "e6fe",
      "unicode_decimal": 59134
    },
    {
      "icon_id": "6151278",
      "name": "cloud upload",
      "font_class": "cloudupload",
      "unicode": "e81c",
      "unicode_decimal": 59420
    },
    {
      "icon_id": "4867114",
      "name": "展开",
      "font_class": "zhankai",
      "unicode": "e65f",
      "unicode_decimal": 58975
    },
    {
      "icon_id": "9564450",
      "name": "HTSCIT_展开",
      "font_class": "zhankai1",
      "unicode": "e645",
      "unicode_decimal": 58949
    },
    {
      "icon_id": "16290359",
      "name": "创建&添加&批量添加",
      "font_class": "chuangjiantianjiapiliangtianjia",
      "unicode": "e624",
      "unicode_decimal": 58916
    },
    {
      "icon_id": "997404",
      "name": "错误",
      "font_class": "cuowu1",
      "unicode": "e61c",
      "unicode_decimal": 58908
    },
    {
      "icon_id": "2076349",
      "name": "正确",
      "font_class": "zhengque",
      "unicode": "e8ad",
      "unicode_decimal": 59565
    },
    {
      "icon_id": "162881",
      "name": "全部订单",
      "font_class": "quanbudingdan",
      "unicode": "e600",
      "unicode_decimal": 58880
    },
    {
      "icon_id": "435966",
      "name": "提醒",
      "font_class": "tixing",
      "unicode": "e7d9",
      "unicode_decimal": 59353
    },
    {
      "icon_id": "577357",
      "name": "删除",
      "font_class": "shanchu",
      "unicode": "e74b",
      "unicode_decimal": 59211
    },
    {
      "icon_id": "834040",
      "name": "箭头_左",
      "font_class": "icon_arrow_left",
      "unicode": "e60c",
      "unicode_decimal": 58892
    },
    {
      "icon_id": "1046178",
      "name": "成功",
      "font_class": "chenggong",
      "unicode": "e608",
      "unicode_decimal": 58888
    },
    {
      "icon_id": "1048888",
      "name": "错误",
      "font_class": "icon_wrong",
      "unicode": "e629",
      "unicode_decimal": 58921
    },
    {
      "icon_id": "1181181",
      "name": "工具",
      "font_class": "gongju",
      "unicode": "e6ad",
      "unicode_decimal": 59053
    },
    {
      "icon_id": "1304879",
      "name": "帮助",
      "font_class": "bangzhu",
      "unicode": "e620",
      "unicode_decimal": 58912
    },
    {
      "icon_id": "1304884",
      "name": "删除",
      "font_class": "shanchu1",
      "unicode": "e621",
      "unicode_decimal": 58913
    },
    {
      "icon_id": "1304889",
      "name": "添加",
      "font_class": "tianjia",
      "unicode": "e622",
      "unicode_decimal": 58914
    },
    {
      "icon_id": "1305122",
      "name": "时间",
      "font_class": "shijian",
      "unicode": "e638",
      "unicode_decimal": 58936
    },
    {
      "icon_id": "1546591",
      "name": "添加",
      "font_class": "tianjia1",
      "unicode": "e697",
      "unicode_decimal": 59031
    },
    {
      "icon_id": "1876347",
      "name": "搜索",
      "font_class": "sousuo",
      "unicode": "e678",
      "unicode_decimal": 59000
    },
    {
      "icon_id": "1969464",
      "name": "登出",
      "font_class": "dengchu",
      "unicode": "e623",
      "unicode_decimal": 58915
    },
    {
      "icon_id": "2076302",
      "name": " 其他订单",
      "font_class": "qitadingdan",
      "unicode": "e89d",
      "unicode_decimal": 59549
    },
    {
      "icon_id": "2423299",
      "name": "机构_无数据",
      "font_class": "jigou_wushuju",
      "unicode": "e642",
      "unicode_decimal": 58946
    },
    {
      "icon_id": "2423300",
      "name": "无数据",
      "font_class": "wushuju",
      "unicode": "e643",
      "unicode_decimal": 58947
    },
    {
      "icon_id": "2423301",
      "name": "用户、角色_无数据",
      "font_class": "yonghujiaose_wushuju",
      "unicode": "e644",
      "unicode_decimal": 58948
    },
    {
      "icon_id": "2674878",
      "name": "箭头 上",
      "font_class": "jiantoushang",
      "unicode": "e62c",
      "unicode_decimal": 58924
    },
    {
      "icon_id": "2674928",
      "name": "箭头 右",
      "font_class": "jiantouyou",
      "unicode": "e62d",
      "unicode_decimal": 58925
    },
    {
      "icon_id": "2674929",
      "name": "箭头 下",
      "font_class": "jiantouxia",
      "unicode": "e62e",
      "unicode_decimal": 58926
    },
    {
      "icon_id": "2675011",
      "name": "消息",
      "font_class": "xiaoxi",
      "unicode": "e62f",
      "unicode_decimal": 58927
    },
    {
      "icon_id": "2857593",
      "name": "登录",
      "font_class": "denglu",
      "unicode": "e656",
      "unicode_decimal": 58966
    },
    {
      "icon_id": "3401331",
      "name": "错误",
      "font_class": "cuowu",
      "unicode": "e6a8",
      "unicode_decimal": 59048
    },
    {
      "icon_id": "4175512",
      "name": "上箭头",
      "font_class": "shangjiantou",
      "unicode": "eb6d",
      "unicode_decimal": 60269
    },
    {
      "icon_id": "4354241",
      "name": "表单组件-表格",
      "font_class": "biaodanzujian-biaoge",
      "unicode": "eb94",
      "unicode_decimal": 60308
    },
    {
      "icon_id": "4728802",
      "name": "搜索结果",
      "font_class": "sousuojieguo",
      "unicode": "e63c",
      "unicode_decimal": 58940
    },
    {
      "icon_id": "4765881",
      "name": "dashboard",
      "font_class": "dashboard",
      "unicode": "e78b",
      "unicode_decimal": 59275
    },
    {
      "icon_id": "4765891",
      "name": "setting",
      "font_class": "setting",
      "unicode": "e78e",
      "unicode_decimal": 59278
    },
    {
      "icon_id": "4942638",
      "name": "个人",
      "font_class": "geren",
      "unicode": "e610",
      "unicode_decimal": 58896
    },
    {
      "icon_id": "5961300",
      "name": "待办事项",
      "font_class": "daibanshixiang",
      "unicode": "ec4e",
      "unicode_decimal": 60494
    },
    {
      "icon_id": "5984152",
      "name": "修改",
      "font_class": "xiugai",
      "unicode": "e606",
      "unicode_decimal": 58886
    },
    {
      "icon_id": "8242801",
      "name": "异常管理",
      "font_class": "yichangguanli",
      "unicode": "e682",
      "unicode_decimal": 59010
    },
    {
      "icon_id": "11269278",
      "name": "登录",
      "font_class": "denglu1",
      "unicode": "e695",
      "unicode_decimal": 59029
    },
    {
      "icon_id": "12323759",
      "name": "警告",
      "font_class": "jinggao",
      "unicode": "e657",
      "unicode_decimal": 58967
    },
    {
      "icon_id": "13138952",
      "name": "课程",
      "font_class": "zuoyeguanli",
      "unicode": "e716",
      "unicode_decimal": 59158
    },
    {
      "icon_id": "15838473",
      "name": "error",
      "font_class": "error",
      "unicode": "e66f",
      "unicode_decimal": 58991
    }
  ]
}
